<?xml version="1.0" encoding="UTF-8"?>
<!--
    Licensed to the Apache Software Foundation (ASF) under one
    or more contributor license agreements.  See the NOTICE file
    distributed with this work for additional information
    regarding copyright ownership.  The ASF licenses this file
    to you under the Apache License, Version 2.0 (the
    "License"); you may not use this file except in compliance
    with the License.  You may obtain a copy of the License at

       http://www.apache.org/licenses/LICENSE-2.0

    Unless required by applicable law or agreed to in writing,
    software distributed under the License is distributed on an
    "AS IS" BASIS, WITHOUT WARRANTIES OR CONDITIONS OF ANY
    KIND, either express or implied.  See the License for the
    specific language governing permissions and limitations
    under the License.
-->
<groups xmlns="http://www.isdc.ro/wro"
  xmlns:xsi="http://www.w3.org/2001/XMLSchema-instance"
  xsi:schemaLocation="http://www.isdc.ro/wro wro.xsd">

  <group name="base" abstract="true">
    <!--<js>/scripts/mootools.js</js>-->
    <js>/scripts/jspwiki-common.js</js>
    <!-- <css>/templates/default/jspwiki.css</css> -->
  </group>

  <group name="jspwiki-common">
    <js>/scripts/prettify.js</js>
    <group-ref>base</group-ref>
    <js>/scripts/jspwiki-commonstyles.js</js>
  </group>

  <group name="jspwiki-edit">
    <!-- <group-ref>base</group-ref> -->
    <js>/scripts/jspwiki-edit.js</js>
    <js>/scripts/posteditor.js</js>
  </group>

  <group name="jspwiki-prefs">
    <!-- <group-ref>base</group-ref> -->
    <js>/scripts/jspwiki-prefs.js</js>
  </group>

  <!-- css styling; FIXME should become part of the regular groups -->
  <group name="jspwiki">
    <css>/styles/jspwiki.css</css>
  </group>
  <!-- FIXME: should be included in the main jspwiki.css, with a "@media print" -->
  <group name="jspwiki_print">
    <css>/styles/jspwiki_print.css</css>
  </group>

  <!-- FIXME : revise the way skins are handles with wro4j
       For now, keep the skin css & js uncompressed/unmerged. (small files anyway)
  <group name="skins">
    <css>/templates/defaults/skins/**/skin.css</css>
    <js>/templates/defaults/skins/**/skin.js</js>
  </group>
  -->

</groups>